Username,category
Babycraj,/Arts & Entertainment
Babycraj,/Sensitive Subjects
Babycraj,/Business & Industrial/Energy & Utilities/Renewable & Alternative Energy
Babycraj,/Arts & Entertainment
Babycraj,/News
ethantheleber,/News/Politics
david_at_bass,/People & Society/Religion & Belief
david_at_bass,/Arts & Entertainment/TV & Video/Online Video /Arts & Entertainment/Online Media
david_at_bass,/Arts & Entertainment
david_at_bass,/Games /Arts & Entertainment/Online Media
david_at_bass,/Arts & Entertainment/Comics & Animation/Anime & Manga
david_at_bass,/Arts & Entertainment
david_at_bass,/Arts & Entertainment
kmhasanbipul,/Sports
kmhasanbipul,/Sports
RealDupre,/Arts & Entertainment
RealDupre,/Arts & Entertainment
RealDupre,/Health
RealDupre,/Health
RealDupre,/Arts & Entertainment
RealDupre,/Arts & Entertainment
RealDupre,/Arts & Entertainment
RealDupre,/Autos & Vehicles
RealDupre,/Games/Computer & Video Games
RealDupre,/Internet & Telecom/Mobile & Wireless/Mobile Phones /Computers & Electronics/Consumer Electronics
RealDupre,/Arts & Entertainment
RealDupre,/Food & Drink/Cooking & Recipes
RealDupre,/Arts & Entertainment/Music & Audio/Urban & Hip-Hop
RealDupre,/Games/Computer & Video Games /Computers & Electronics/Consumer Electronics/Game Systems & Consoles
RealDupre,/Games /Arts & Entertainment
RealDupre,/People & Society/Social Issues & Advocacy
RealDupre,/Arts & Entertainment/Online Media /Arts & Entertainment/TV & Video/Online Video
RealDupre,/People & Society
RealDupre,/People & Society
RealDupre,/Health
RealDupre,/Travel
RealDupre,/Health/Medical Facilities & Services
RealDupre,/Arts & Entertainment
RealDupre,/Travel
RealDupre,/People & Society/Religion & Belief
RealDupre,/Travel/Hotels & Accommodations
RealDupre,/Computers & Electronics
RealDupre,/Computers & Electronics
RealDupre,/Arts & Entertainment
RealDupre,/Arts & Entertainment/Music & Audio
RealDupre,/Arts & Entertainment
RealDupre,/Computers & Electronics
RealDupre,/Computers & Electronics/Computer Hardware/Computer Components /Computers & Electronics/Computer Hardware/Desktop Computers
RealDupre,/Online Communities/Virtual Worlds /Arts & Entertainment/Online Media /Games/Online Games/Massively Multiplayer Games /Games/Roleplaying Games
RealDupre,/People & Society/Family & Relationships
RealDupre,/People & Society
RealDupre,/Arts & Entertainment/Online Media /Games/Computer & Video Games
RealDupre,/News/Politics /Sensitive Subjects
RealDupre,/Online Communities/Virtual Worlds /Games/Online Games/Massively Multiplayer Games /Arts & Entertainment/Online Media /Games/Roleplaying Games
RealDupre,/Games/Computer & Video Games
RealDupre,/Games /Arts & Entertainment/Online Media /Online Communities/Virtual Worlds
RealDupre,/Computers & Electronics/Computer Hardware/Desktop Computers
RealDupre,/Arts & Entertainment
RealDupre,/Arts & Entertainment
RealDupre,/Computers & Electronics/Computer Hardware
RealDupre,/Arts & Entertainment
RealDupre,/Law & Government/Military
RealDupre,/Computers & Electronics/Computer Hardware/Computer Peripherals
RealDupre,/Computers & Electronics
RealDupre,/Computers & Electronics
RealDupre,/Arts & Entertainment
RealDupre,/Arts & Entertainment
RealDupre,/Arts & Entertainment/Online Media /Games/Computer & Video Games
RealDupre,/Arts & Entertainment/Music & Audio
RealDupre,/Games /Arts & Entertainment/Online Media
RealDupre,/Online Communities
RealDupre,/Computers & Electronics/Software
RealDupre,/Arts & Entertainment
RealDupre,/Arts & Entertainment/Online Media
RealDupre,/Arts & Entertainment
RealDupre,/Arts & Entertainment/Online Media /Arts & Entertainment/TV & Video/Online Video
RealDupre,/Arts & Entertainment
RealDupre,/Beauty & Fitness/Fitness
RealDupre,/Arts & Entertainment
RealDupre,/Beauty & Fitness
RealDupre,/Games
RealDupre,/Food & Drink
RealDupre,/Arts & Entertainment/Music & Audio
RealDupre,/Arts & Entertainment/TV & Video
RealDupre,/Games/Card Games/Poker & Casino Games
RealDupre,/Arts & Entertainment
RealDupre,/Games/Computer & Video Games /Arts & Entertainment
RealDupre,/Arts & Entertainment/Online Media /Arts & Entertainment/TV & Video/Online Video
RealDupre,/Business & Industrial/Transportation & Logistics/Moving & Relocation
RealDupre,/Games
RealDupre,/Arts & Entertainment/TV & Video
RealDupre,/Arts & Entertainment
RealDupre,/Games /Arts & Entertainment/Online Media
RealDupre,/Computers & Electronics
RealDupre,/Arts & Entertainment/TV & Video/Online Video /Arts & Entertainment/Online Media
RealDupre,/Arts & Entertainment
RealDupre,/Games /Arts & Entertainment/Online Media
RealDupre,/Arts & Entertainment/Online Media /Arts & Entertainment/TV & Video/Online Video
RealDupre,/Games /Arts & Entertainment/Online Media
RealDupre,/Arts & Entertainment/TV & Video
RealDupre,/Arts & Entertainment/Online Media /Games/Computer & Video Games/Casual Games
RealDupre,/Arts & Entertainment/Online Media /Arts & Entertainment/TV & Video/Online Video
RealDupre,/News
RealDupre,/Arts & Entertainment /Games
RealDupre,/Arts & Entertainment/TV & Video/Online Video /Arts & Entertainment/Online Media
RealDupre,/Games
RealDupre,/Arts & Entertainment/TV & Video/TV Shows & Programs
RealDupre,/Arts & Entertainment/Movies
RealDupre,/Games/Computer & Video Games /Arts & Entertainment/Online Media
RealDupre,/Online Communities /Internet & Telecom/Email & Messaging
RealDupre,/Online Communities/Social Networks
RealDupre,/Arts & Entertainment
RealDupre,/Arts & Entertainment
RealDupre,/Arts & Entertainment
RealDupre,/Arts & Entertainment/TV & Video/TV Shows & Programs
RealDupre,/Sports/Team Sports
RealDupre,/Books & Literature
RealDupre,/Games
RealDupre,/Games
RealDupre,/Games /Arts & Entertainment
RealDupre,/Sensitive Subjects /Law & Government
RealDupre,/Arts & Entertainment
RealDupre,/Arts & Entertainment/Online Media /Online Communities/Virtual Worlds /Games/Online Games/Massively Multiplayer Games /Games/Roleplaying Games /Games/Computer & Video Games/Strategy Games
RealDupre,/Games/Computer & Video Games
RealDupre,/Arts & Entertainment/Online Media /Arts & Entertainment/TV & Video/Online Video
RealDupre,/Arts & Entertainment/Movies
RealDupre,/Games/Computer & Video Games
RealDupre,/Arts & Entertainment
RealDupre,/Sports/Team Sports/American Football
RealDupre,/Arts & Entertainment/Music & Audio/Music Streams & Downloads /Arts & Entertainment/Online Media
RealDupre,/Health/Health Conditions/Neurological Conditions
RealDupre,/Games /Arts & Entertainment/Movies
RealDupre,/Jobs & Education
RealDupre,/Arts & Entertainment
RealDupre,/Arts & Entertainment/Online Media /Arts & Entertainment/TV & Video/Online Video
RealDupre,/Arts & Entertainment
RealDupre,/Sports/Team Sports
RealDupre,/Games /Arts & Entertainment/Online Media
TankistaE,/Arts & Entertainment /Games
SnakePiercy,/Arts & Entertainment
SnakePiercy,/Computers & Electronics
SnakePiercy,/Games/Computer & Video Games
Sergej38628875,/People & Society
Sergej38628875,/News/Politics
DatFucknSoap,/Games/Computer & Video Games /Arts & Entertainment
beans4finn,/Arts & Entertainment
astralmoonkin,/Games /Arts & Entertainment/Online Media
astralmoonkin,/Games/Online Games/Massively Multiplayer Games /Online Communities/Virtual Worlds /Arts & Entertainment/Online Media /Games/Roleplaying Games /Games/Computer & Video Games
Techandhardware,/Computers & Electronics
Techandhardware,/Arts & Entertainment
Techandhardware,/Computers & Electronics/Consumer Electronics /Internet & Telecom/Mobile & Wireless/Mobile Phones
Thabiso_Ephile,/News /Arts & Entertainment/Celebrities & Entertainment News /Sports/Team Sports/Soccer
Thabiso_Ephile,/Arts & Entertainment
Thabiso_Ephile,/Sports/Team Sports/Soccer
Thabiso_Ephile,/Sports/Team Sports/Soccer
Thabiso_Ephile,/Sports/Team Sports/Soccer /Arts & Entertainment
Thabiso_Ephile,/Sports
Thabiso_Ephile,/Sports/Team Sports/Soccer
Thabiso_Ephile,/Sports/Team Sports/Soccer /News/Sports News
Thabiso_Ephile,/Sports/Team Sports/Soccer
Thabiso_Ephile,/Arts & Entertainment
Thabiso_Ephile,/Sports/Team Sports/Soccer
Thabiso_Ephile,/Sports/Team Sports/Soccer
Thabiso_Ephile,/Sports
Thabiso_Ephile,/Sports/Team Sports
Thabiso_Ephile,/Arts & Entertainment/Music & Audio
Thabiso_Ephile,/Sports/Team Sports/Soccer
Thabiso_Ephile,/Sports/Team Sports
Thabiso_Ephile,/Arts & Entertainment
Thabiso_Ephile,/Sports/Team Sports/Soccer
Thabiso_Ephile,/Sports
Thabiso_Ephile,/Arts & Entertainment
Thabiso_Ephile,/Sports/Team Sports/Soccer
Thabiso_Ephile,/Games/Computer & Video Games
Thabiso_Ephile,/Sports/Team Sports/Soccer
Thabiso_Ephile,/Sports/Team Sports/Soccer
Thabiso_Ephile,/Sports/Team Sports/Soccer
Thabiso_Ephile,/Sports/Team Sports/Soccer
Thabiso_Ephile,/Sports/Team Sports
Thabiso_Ephile,/Sports/Team Sports/Soccer
Alice_Sim1,/Arts & Entertainment
Alice_Sim1,/Games/Computer & Video Games /Computers & Electronics/Consumer Electronics/Game Systems & Consoles
PrestonSnowden,/People & Society
PrestonSnowden,/People & Society
PrestonSnowden,/Arts & Entertainment
PrestonSnowden,/People & Society/Family & Relationships
PrestonSnowden,/Finance
PrestonSnowden,/Arts & Entertainment/Online Media
PrestonSnowden,/People & Society
PrestonSnowden,/Beauty & Fitness
PrestonSnowden,/People & Society/Family & Relationships/Family
PrestonSnowden,/People & Society
PrestonSnowden,/People & Society
PrestonSnowden,/Arts & Entertainment
PrestonSnowden,/People & Society/Family & Relationships
PrestonSnowden,/Arts & Entertainment/Music & Audio/Music Reference
PrestonSnowden,/People & Society/Religion & Belief
PrestonSnowden,/People & Society/Family & Relationships
PrestonSnowden,/People & Society/Religion & Belief
PrestonSnowden,/People & Society/Family & Relationships
PrestonSnowden,/People & Society
PrestonSnowden,/People & Society
PrestonSnowden,/People & Society/Social Issues & Advocacy
PrestonSnowden,/Arts & Entertainment/TV & Video/Online Video /Arts & Entertainment/Online Media
PrestonSnowden,/People & Society/Religion & Belief
PrestonSnowden,/Arts & Entertainment
PrestonSnowden,/Arts & Entertainment
PrestonSnowden,/Arts & Entertainment/Online Media
PrestonSnowden,/Arts & Entertainment
PrestonSnowden,/Arts & Entertainment
PrestonSnowden,/Health/Health Conditions/Neurological Conditions
PrestonSnowden,/People & Society
PrestonSnowden,/News
PrestonSnowden,/Arts & Entertainment
PrestonSnowden,/Arts & Entertainment
PrestonSnowden,/Arts & Entertainment/Online Media/Online Image Galleries
PrestonSnowden,/Food & Drink/Restaurants/Fast Food
PrestonSnowden,/People & Society/Religion & Belief
PrestonSnowden,/Arts & Entertainment
DE_GamingDeals,/Games/Computer & Video Games
SpoderBrad,/Sports
SpoderBrad,/People & Society/Family & Relationships /Arts & Entertainment
SpoderBrad,/Arts & Entertainment
SpoderBrad,/Computers & Electronics/Computer Hardware
SpoderBrad,/Computers & Electronics/Software
SpoderBrad,/Sports/Motor Sports
SpoderBrad,/Games/Computer & Video Games
SpoderBrad,/Arts & Entertainment/Music & Audio/Urban & Hip-Hop
SpoderBrad,/Internet & Telecom
SpoderBrad,/Arts & Entertainment /Games/Computer & Video Games
SpoderBrad,/Arts & Entertainment
SpoderBrad,/Arts & Entertainment/Online Media /Games/Computer & Video Games /Online Communities/Virtual Worlds
SpoderBrad,/Arts & Entertainment
SpoderBrad,/Arts & Entertainment
SpoderBrad,/Arts & Entertainment/TV & Video/Online Video /Arts & Entertainment/Online Media
SpoderBrad,/Arts & Entertainment/Online Media /Arts & Entertainment/TV & Video/Online Video
SpoderBrad,/Arts & Entertainment
SpoderBrad,/Arts & Entertainment/Online Media /Arts & Entertainment/TV & Video/Online Video
SpoderBrad,/Arts & Entertainment
SpoderBrad,/Arts & Entertainment/Music & Audio
KavishPatil9,/Jobs & Education/Education
KavishPatil9,/Games/Computer & Video Games
KavishPatil9,/Online Communities
KavishPatil9,/Arts & Entertainment
KavishPatil9,/Arts & Entertainment
KavishPatil9,/Games
Enslaved2G,/Arts & Entertainment
Enslaved2G,/Arts & Entertainment
Enslaved2G,/Health/Health Conditions/Pain Management /Health/Pharmacy/Drugs & Medications
Enslaved2G,/Games/Computer & Video Games
Enslaved2G,/Internet & Telecom/Mobile & Wireless/Mobile Apps & Add-Ons
Enslaved2G,/Games
Enslaved2G,/Arts & Entertainment
Enslaved2G,/Online Communities/Virtual Worlds
Enslaved2G,/Arts & Entertainment
Enslaved2G,/Arts & Entertainment/TV & Video/TV Shows & Programs
Enslaved2G,/Arts & Entertainment
Enslaved2G,/Internet & Telecom/Mobile & Wireless /Computers & Electronics/Consumer Electronics
Enslaved2G,/Arts & Entertainment
Enslaved2G,/Finance
Enslaved2G,/Finance
Enslaved2G,/Games /Arts & Entertainment
Enslaved2G,/Finance/Investing
Enslaved2G,/People & Society/Religion & Belief /Arts & Entertainment
Enslaved2G,/Finance
Enslaved2G,/Games/Computer & Video Games/Shooter Games
Enslaved2G,/Computers & Electronics
Enslaved2G,/Games
Enslaved2G,/People & Society/Religion & Belief
Enslaved2G,/Arts & Entertainment
Enslaved2G,/Internet & Telecom
Enslaved2G,/Autos & Vehicles
Enslaved2G,/Hobbies & Leisure /Pets & Animals/Pets/Dogs
Enslaved2G,/Arts & Entertainment
Enslaved2G,/Games/Computer & Video Games
Enslaved2G,/Games/Computer & Video Games/Shooter Games /Arts & Entertainment
Enslaved2G,/Games/Computer & Video Games/Fighting Games
Enslaved2G,/Computers & Electronics
Enslaved2G,/Arts & Entertainment/Online Media /Games/Computer & Video Games
Enslaved2G,/Games/Computer & Video Games /Arts & Entertainment/Online Media
Enslaved2G,/Arts & Entertainment
Enslaved2G,/Computers & Electronics
Enslaved2G,/Arts & Entertainment
Enslaved2G,/Arts & Entertainment/Online Media /Games/Roleplaying Games /Online Communities/Virtual Worlds /Games/Online Games/Massively Multiplayer Games
Enslaved2G,/Arts & Entertainment/Music & Audio
Enslaved2G,/Games/Computer & Video Games
Enslaved2G,/Arts & Entertainment /Games/Computer & Video Games
Enslaved2G,/Arts & Entertainment /Games/Computer & Video Games
Enslaved2G,/Arts & Entertainment
Enslaved2G,/Arts & Entertainment/Online Media /Games
Enslaved2G,/Hobbies & Leisure /Pets & Animals
Enslaved2G,/Beauty & Fitness /Health/Nutrition/Special & Restricted Diets /Health/Nutrition/Vitamins & Supplements
Enslaved2G,/Games/Puzzles & Brainteasers
Enslaved2G,/Internet & Telecom
Enslaved2G,/Games/Puzzles & Brainteasers
Enslaved2G,/Internet & Telecom
Enslaved2G,/Sensitive Subjects
Enslaved2G,/Arts & Entertainment
Enslaved2G,/Games/Computer & Video Games/Shooter Games /Arts & Entertainment/Online Media
Enslaved2G,/Arts & Entertainment
Enslaved2G,/Games /Arts & Entertainment/Online Media
Enslaved2G,/Arts & Entertainment
Enslaved2G,/Games/Computer & Video Games/Shooter Games /Arts & Entertainment
Enslaved2G,/Arts & Entertainment/Online Media /Games/Computer & Video Games
Enslaved2G,/Arts & Entertainment
Enslaved2G,/Arts & Entertainment
Enslaved2G,/Arts & Entertainment
Enslaved2G,/Arts & Entertainment
Enslaved2G,/Arts & Entertainment
brady_wrong,/Autos & Vehicles/Motor Vehicles (By Type)/Motorcycles
brady_wrong,/Arts & Entertainment
brady_wrong,/Computers & Electronics /Jobs & Education/Jobs/Job Listings
brady_wrong,/Online Communities/Virtual Worlds /Games/Online Games/Massively Multiplayer Games /Arts & Entertainment/Online Media /Games/Roleplaying Games
brady_wrong,/Pets & Animals
brady_wrong,/Arts & Entertainment
brady_wrong,/Games/Computer & Video Games /Arts & Entertainment/Online Media
brady_wrong,/Food & Drink
brady_wrong,/Arts & Entertainment/Music & Audio/Urban & Hip-Hop
brady_wrong,/Arts & Entertainment/Music & Audio
brady_wrong,/Arts & Entertainment
brady_wrong,/Arts & Entertainment
brady_wrong,/Beauty & Fitness
brady_wrong,/Online Communities
brady_wrong,/Arts & Entertainment/Music & Audio
brady_wrong,/Autos & Vehicles/Vehicle Parts & Services/Vehicle Parts & Accessories
brady_wrong,/Arts & Entertainment
brady_wrong,/Jobs & Education/Education/Teaching & Classroom Resources
brady_wrong,/Games
brady_wrong,/Arts & Entertainment
brady_wrong,/Arts & Entertainment
brady_wrong,/Shopping/Apparel/Eyewear
brady_wrong,/Hobbies & Leisure
brady_wrong,/Arts & Entertainment
brady_wrong,/Food & Drink/Food/Snack Foods
brady_wrong,/Food & Drink/Food/Snack Foods
brady_wrong,/Arts & Entertainment
brady_wrong,/Arts & Entertainment/Music & Audio
brady_wrong,/Arts & Entertainment
brady_wrong,/Arts & Entertainment
brady_wrong,/Arts & Entertainment /Food & Drink
brady_wrong,/Food & Drink/Food/Candy & Sweets
brady_wrong,/Games
brady_wrong,/Sports/Team Sports
brady_wrong,/Arts & Entertainment/Entertainment Industry/Recording Industry /News
brady_wrong,/Sports/Individual Sports
brady_wrong,/Food & Drink
brady_wrong,/Arts & Entertainment/Online Media /Arts & Entertainment/Music & Audio/Music Streams & Downloads
brady_wrong,/Arts & Entertainment/Music & Audio
brady_wrong,/Jobs & Education/Education
brady_wrong,/Beauty & Fitness/Fitness
brady_wrong,/Arts & Entertainment/TV & Video/Online Video /Arts & Entertainment/Online Media /Arts & Entertainment/Movies
brady_wrong,/Arts & Entertainment/Music & Audio
brady_wrong,/Arts & Entertainment/Music & Audio/Rock Music
brady_wrong,/Arts & Entertainment/Music & Audio
brady_wrong,/Arts & Entertainment/TV & Video/TV Shows & Programs
brady_wrong,/Arts & Entertainment/TV & Video/Online Video /Arts & Entertainment/Online Media
brady_wrong,/Shopping
brady_wrong,/Arts & Entertainment
brady_wrong,/Health/Nutrition/Vitamins & Supplements
brady_wrong,/Online Communities/Virtual Worlds /Arts & Entertainment/Online Media /Games/Online Games/Massively Multiplayer Games /Games/Roleplaying Games
brady_wrong,/Arts & Entertainment/Music & Audio
brady_wrong,/Arts & Entertainment
brady_wrong,/Arts & Entertainment/Humor /Arts & Entertainment/Movies
brady_wrong,/Online Communities
brady_wrong,/Arts & Entertainment
brady_wrong,/Health/Oral & Dental Care
brady_wrong,/Arts & Entertainment/Music & Audio
brady_wrong,/Arts & Entertainment/Music & Audio
brady_wrong,/Beauty & Fitness
brady_wrong,/Food & Drink
brady_wrong,/Arts & Entertainment/Humor
brady_wrong,/Arts & Entertainment /News
brady_wrong,/Shopping/Apparel
brady_wrong,/Arts & Entertainment/TV & Video/TV Shows & Programs
brady_wrong,/Arts & Entertainment/Fun & Trivia /Arts & Entertainment/Music & Audio
brady_wrong,/Arts & Entertainment
brady_wrong,/Computers & Electronics/Consumer Electronics /Internet & Telecom/Mobile & Wireless/Mobile Phones
brady_wrong,/Arts & Entertainment/Humor
brady_wrong,/Arts & Entertainment
brady_wrong,/Arts & Entertainment/Music & Audio/Urban & Hip-Hop
brady_wrong,/Arts & Entertainment
brady_wrong,/Arts & Entertainment
brady_wrong,/Arts & Entertainment/Music & Audio/Urban & Hip-Hop
brady_wrong,/Arts & Entertainment /Food & Drink/Beverages/Alcoholic Beverages
brady_wrong,/Arts & Entertainment/Music & Audio
brady_wrong,/Food & Drink/Food
brady_wrong,/Arts & Entertainment/Music & Audio
brady_wrong,/Arts & Entertainment/Music & Audio
brady_wrong,/Arts & Entertainment
brady_wrong,/Home & Garden/Bed & Bath
brady_wrong,/Arts & Entertainment/Online Media
brady_wrong,/Health/Health Conditions/Sleep Disorders
brady_wrong,/Arts & Entertainment/Music & Audio/Pop Music
brady_wrong,/Arts & Entertainment
brady_wrong,/Arts & Entertainment
brady_wrong,/Online Communities/Virtual Worlds /Games/Roleplaying Games /Games/Online Games/Massively Multiplayer Games /Arts & Entertainment/Online Media /Adult
Alex0news,/Games/Computer & Video Games /Arts & Entertainment/Online Media
Alex0news,/Games
Alex0news,/Arts & Entertainment
Alex0news,/Arts & Entertainment
xd2player,/Computers & Electronics
xd2player,/Games
xd2player,/Arts & Entertainment/Humor
xd2player,/Games
xd2player,/Travel
xd2player,/Games /Arts & Entertainment
xd2player,/Arts & Entertainment/Humor
xd2player,/Arts & Entertainment
xd2player,/Arts & Entertainment/Online Media /Online Communities/Virtual Worlds /Games/Online Games/Massively Multiplayer Games
xd2player,/Arts & Entertainment
xd2player,/Arts & Entertainment
xd2player,/Arts & Entertainment
xd2player,/Arts & Entertainment /Games
xd2player,/Arts & Entertainment
xd2player,/Games/Roleplaying Games /Online Communities/Virtual Worlds /Games/Online Games/Massively Multiplayer Games
xd2player,/Arts & Entertainment
xd2player,/Arts & Entertainment/Music & Audio
xd2player,/Arts & Entertainment
xd2player,/Arts & Entertainment
xd2player,/Autos & Vehicles/Motor Vehicles (By Type)/Trucks & SUVs
xd2player,/Arts & Entertainment
xd2player,/Arts & Entertainment/Music & Audio
xd2player,/Arts & Entertainment/Music & Audio
xd2player,/Arts & Entertainment
xd2player,/Arts & Entertainment
xd2player,/Arts & Entertainment
xd2player,/Autos & Vehicles/Motor Vehicles (By Type)/Trucks & SUVs
xd2player,/Arts & Entertainment
xd2player,/Games /Arts & Entertainment/Online Media
xd2player,/Games/Computer & Video Games
xd2player,/Arts & Entertainment/Online Media /Games/Computer & Video Games /Games/Online Games/Massively Multiplayer Games /Online Communities/Virtual Worlds
xd2player,/Arts & Entertainment/Online Media /Games/Computer & Video Games
xd2player,/Online Communities
xd2player,/Hobbies & Leisure/Special Occasions/Holidays & Seasonal Events
xd2player,/Arts & Entertainment
xd2player,/Arts & Entertainment/Music & Audio
xd2player,/Arts & Entertainment
xd2player,/Arts & Entertainment/Music & Audio
xd2player,/Games/Online Games/Massively Multiplayer Games /Arts & Entertainment/Online Media /Online Communities/Virtual Worlds /Games/Roleplaying Games
xd2player,/Arts & Entertainment
xd2player,/Arts & Entertainment
xd2player,/Arts & Entertainment/Music & Audio
xd2player,/Arts & Entertainment
xd2player,/Arts & Entertainment
xd2player,/Food & Drink/Restaurants /Arts & Entertainment
xd2player,/Arts & Entertainment/Music & Audio
xd2player,/Arts & Entertainment/Music & Audio
xd2player,/Arts & Entertainment/Music & Audio
xd2player,/Autos & Vehicles
xd2player,/Arts & Entertainment
xd2player,/Arts & Entertainment
xd2player,/Arts & Entertainment
xd2player,/Hobbies & Leisure/Special Occasions /Arts & Entertainment
xd2player,/Arts & Entertainment /Games
xd2player,/Arts & Entertainment/Music & Audio
xd2player,/Arts & Entertainment
xd2player,/Reference/Geographic Reference
Squidward7388,/Computers & Electronics/Computer Hardware
Squidward7388,/Online Communities
StereoSteveo,/Sports/Team Sports/Volleyball
Frictiox_O,/Arts & Entertainment
Brutelle_,/Arts & Entertainment
IfanMeredith,/Games/Computer & Video Games/Sandbox Games /Computers & Electronics/Consumer Electronics
ihsanmlnnaa,/Travel
ihsanmlnnaa,/Arts & Entertainment
0x_epic,/Arts & Entertainment/Music & Audio
0x_epic,/Computers & Electronics
0x_epic,/Business & Industrial
0x_epic,/Finance/Investing
0x_epic,/Finance/Investing
0x_epic,/Games
0x_epic,/Arts & Entertainment/Online Media /Online Communities/Virtual Worlds /Games/Online Games/Massively Multiplayer Games /Games/Roleplaying Games
0x_epic,/Games/Computer & Video Games /Arts & Entertainment/Online Media
0x_epic,/Business & Industrial /Computers & Electronics
0x_epic,/Computers & Electronics
0x_epic,/Business & Industrial
0x_epic,/Games /Arts & Entertainment/Online Media
asdfflla1,/Health
asdfflla1,/Health
amir_suliman01,/People & Society/Religion & Belief
amir_suliman01,/Jobs & Education/Education
lapislazuli404,/Arts & Entertainment/Humor
SakaHystalker,/Arts & Entertainment/Music & Audio
NankNanda99,/Computers & Electronics /Arts & Entertainment/Visual Art & Design
NankNanda99,/Reference /People & Society/Social Sciences
NankNanda99,/People & Society
NankNanda99,/Shopping/Gifts & Special Event Items/Gifts /People & Society/Social Issues & Advocacy/Charity & Philanthropy /Hobbies & Leisure/Special Occasions
NankNanda99,/Computers & Electronics/Consumer Electronics /Internet & Telecom/Mobile & Wireless/Mobile Phones
NankNanda99,/Computers & Electronics/Consumer Electronics /Internet & Telecom/Mobile & Wireless
NankNanda99,/Computers & Electronics/Consumer Electronics /Internet & Telecom/Mobile & Wireless/Mobile Phones /Computers & Electronics/Software
NankNanda99,/Arts & Entertainment
NankNanda99,/Internet & Telecom
NankNanda99,/Computers & Electronics/Consumer Electronics /Internet & Telecom/Mobile & Wireless/Mobile Phones
woo_wiss,/Hobbies & Leisure/Outdoors /Games/Computer & Video Games/Shooter Games
woo_wiss,/Jobs & Education/Education
woo_wiss,/Arts & Entertainment
woo_wiss,/Online Communities /Sports/Team Sports
woo_wiss,/Arts & Entertainment /Games/Computer & Video Games
woo_wiss,/Arts & Entertainment
woo_wiss,/Arts & Entertainment/Music & Audio
woo_wiss,/Arts & Entertainment
woo_wiss,/Arts & Entertainment
woo_wiss,/Arts & Entertainment
woo_wiss,/Arts & Entertainment
woo_wiss,/Arts & Entertainment/Music & Audio
woo_wiss,/Arts & Entertainment
woo_wiss,/Arts & Entertainment/Comics & Animation /Arts & Entertainment/Movies
woo_wiss,/Beauty & Fitness/Face & Body Care/Make-Up & Cosmetics
woo_wiss,/Shopping/Apparel/Clothing Accessories
woo_wiss,/Internet & Telecom/Web Services /Online Communities/File Sharing & Hosting /Computers & Electronics
woo_wiss,/Arts & Entertainment
woo_wiss,/Arts & Entertainment/Music & Audio
woo_wiss,/Arts & Entertainment
woo_wiss,/Arts & Entertainment
woo_wiss,/Shopping/Apparel /Sports
woo_wiss,/Arts & Entertainment/Music & Audio
woo_wiss,/Arts & Entertainment/Music & Audio
woo_wiss,/Games/Computer & Video Games /Arts & Entertainment
woo_wiss,/People & Society
woo_wiss,/Arts & Entertainment
woo_wiss,/Arts & Entertainment/Music & Audio
woo_wiss,/Law & Government/Public Safety
woo_wiss,/People & Society
woo_wiss,/Business & Industrial
woo_wiss,/Arts & Entertainment
woo_wiss,/Food & Drink/Restaurants/Fast Food
woo_wiss,/Jobs & Education/Education
woo_wiss,/Arts & Entertainment
woo_wiss,/Arts & Entertainment
woo_wiss,/Arts & Entertainment/Music & Audio
woo_wiss,/Arts & Entertainment /Food & Drink/Cooking & Recipes/Desserts
woo_wiss,/Arts & Entertainment
Snahccy,/Arts & Entertainment
Snahccy,/Online Communities/Virtual Worlds /Arts & Entertainment /Games
Snahccy,/Online Communities/Virtual Worlds
Snahccy,/Arts & Entertainment/TV & Video/TV Shows & Programs
Snahccy,/Arts & Entertainment
Snahccy,/Arts & Entertainment
Snahccy,/Hobbies & Leisure /Sports/Individual Sports
Snahccy,/People & Society/Religion & Belief
Snahccy,/Arts & Entertainment
Snahccy,/Arts & Entertainment/Visual Art & Design/Photographic & Digital Arts /Hobbies & Leisure /Business & Industrial
ChickenGlazed,/Law & Government/Public Safety/Crime & Justice
ChickenGlazed,/Sensitive Subjects
ChickenGlazed,/News/Politics
ChickenGlazed,/News/Politics /Law & Government/Government
ChickenGlazed,/Arts & Entertainment
ChickenGlazed,/News/Politics
ChickenGlazed,/News/Politics /Law & Government/Government
ChickenGlazed,/News/Politics
ChickenGlazed,/News/Politics
ChickenGlazed,/News/Politics /Arts & Entertainment
ChickenGlazed,/Games /Arts & Entertainment
ChickenGlazed,/Jobs & Education
ChickenGlazed,/Arts & Entertainment
ChickenGlazed,/Games
ChickenGlazed,/Games
GoldDoggyLIVE,/Games /Arts & Entertainment
AkashAltair,/Arts & Entertainment/Online Media /Games
Rokkienkeli,/People & Society/Religion & Belief /Hobbies & Leisure/Special Occasions/Holidays & Seasonal Events
Rokkienkeli,/Arts & Entertainment
Rokkienkeli,/Arts & Entertainment
Rokkienkeli,/Arts & Entertainment
Rokkienkeli,/Arts & Entertainment/Music & Audio
Rokkienkeli,/Arts & Entertainment/Music & Audio
Rokkienkeli,/People & Society/Religion & Belief
Rokkienkeli,/Arts & Entertainment
Rokkienkeli,/Arts & Entertainment
Rokkienkeli,/Beauty & Fitness/Hair Care
Rokkienkeli,/Arts & Entertainment
Rokkienkeli,/Arts & Entertainment
Rokkienkeli,/Home & Garden/Home & Interior Decor
Rokkienkeli,/Arts & Entertainment/Music & Audio
Rokkienkeli,/Arts & Entertainment/Events & Listings
Rokkienkeli,/Arts & Entertainment/Music & Audio
Rokkienkeli,/Hobbies & Leisure /Pets & Animals/Wildlife
Rokkienkeli,/Shopping/Apparel/Costumes
Rokkienkeli,/Arts & Entertainment
Rokkienkeli,/Arts & Entertainment
Rokkienkeli,/Arts & Entertainment/Music & Audio/Rock Music
Rokkienkeli,/Arts & Entertainment
Rokkienkeli,/Hobbies & Leisure
Rokkienkeli,/Arts & Entertainment
Rokkienkeli,/Arts & Entertainment
Rokkienkeli,/Arts & Entertainment
Rokkienkeli,/Arts & Entertainment/Music & Audio
Rokkienkeli,/Arts & Entertainment /People & Society
Rokkienkeli,/Jobs & Education /Computers & Electronics
Rokkienkeli,/Arts & Entertainment/Music & Audio
Rokkienkeli,/Arts & Entertainment
Rokkienkeli,/Arts & Entertainment
Rokkienkeli,/Arts & Entertainment
Rokkienkeli,/Arts & Entertainment/Music & Audio
Rokkienkeli,/Shopping/Apparel/Footwear /Shopping/Apparel/Athletic Apparel
Rokkienkeli,/Arts & Entertainment/Music & Audio
Rokkienkeli,/Hobbies & Leisure/Special Occasions/Holidays & Seasonal Events /Arts & Entertainment
Rokkienkeli,/News
Rokkienkeli,/Arts & Entertainment
Rokkienkeli,/Arts & Entertainment
Rokkienkeli,/Home & Garden/Home & Interior Decor
Rokkienkeli,/Arts & Entertainment/Music & Audio
Rokkienkeli,/Arts & Entertainment/Online Media/Online Image Galleries
Rokkienkeli,/Arts & Entertainment/Music & Audio/Rock Music
Rokkienkeli,/Arts & Entertainment/Music & Audio
Rokkienkeli,/Arts & Entertainment/Music & Audio
Rokkienkeli,/Arts & Entertainment/Events & Listings/Concerts & Music Festivals /Arts & Entertainment/Music & Audio/Rock Music
Rokkienkeli,/Arts & Entertainment
Rokkienkeli,/Arts & Entertainment
Rokkienkeli,/Arts & Entertainment/Music & Audio
Rokkienkeli,/Shopping/Apparel
Rokkienkeli,/Arts & Entertainment
Rokkienkeli,/Online Communities/Social Networks
Rokkienkeli,/Health/Health Conditions
MCForeignPolicy,/Arts & Entertainment/Comics & Animation/Cartoons
MCForeignPolicy,/Arts & Entertainment
MCForeignPolicy,/Arts & Entertainment
MCForeignPolicy,/Arts & Entertainment/Humor
MCForeignPolicy,/Sports/Team Sports
MCForeignPolicy,/Arts & Entertainment/TV & Video /Arts & Entertainment/Online Media
MCForeignPolicy,/Jobs & Education/Education/Colleges & Universities /Finance
MCForeignPolicy,/Arts & Entertainment
MCForeignPolicy,/Jobs & Education/Education/Colleges & Universities
MCForeignPolicy,/Arts & Entertainment/Music & Audio
MCForeignPolicy,/Arts & Entertainment/Music & Audio
MCForeignPolicy,/Arts & Entertainment
MCForeignPolicy,/Arts & Entertainment/Music & Audio
MCForeignPolicy,/News/Politics /Law & Government
MCForeignPolicy,/Arts & Entertainment
MCForeignPolicy,/Arts & Entertainment/Music & Audio/Rock Music
MCForeignPolicy,/Arts & Entertainment/Music & Audio
MCForeignPolicy,/Arts & Entertainment/Online Media /Arts & Entertainment/Music & Audio/Music Streams & Downloads /Internet & Telecom
MCForeignPolicy,/Arts & Entertainment
MCForeignPolicy,/Shopping/Apparel /Arts & Entertainment/Music & Audio
MCForeignPolicy,/Jobs & Education/Education
MCForeignPolicy,/Arts & Entertainment
MCForeignPolicy,/Arts & Entertainment
MCForeignPolicy,/Arts & Entertainment/Music & Audio
MCForeignPolicy,/Jobs & Education
MCForeignPolicy,/Games/Computer & Video Games/Driving & Racing Games /Games/Computer & Video Games/Shooter Games
MCForeignPolicy,/Arts & Entertainment/Music & Audio
MCForeignPolicy,/Arts & Entertainment
MCForeignPolicy,/People & Society
MCForeignPolicy,/Arts & Entertainment
MCForeignPolicy,/Arts & Entertainment/Music & Audio
MCForeignPolicy,/Arts & Entertainment
MCForeignPolicy,/Food & Drink/Restaurants/Pizzerias
MCForeignPolicy,/Arts & Entertainment
MCForeignPolicy,/Arts & Entertainment
MCForeignPolicy,/Arts & Entertainment
MCForeignPolicy,/Jobs & Education/Education/Colleges & Universities
MCForeignPolicy,/Arts & Entertainment/Music & Audio
MCForeignPolicy,/Arts & Entertainment/TV & Video/TV Shows & Programs
MCForeignPolicy,/Arts & Entertainment
MCForeignPolicy,/Arts & Entertainment
MCForeignPolicy,/Arts & Entertainment
MCForeignPolicy,/Arts & Entertainment/Music & Audio/Urban & Hip-Hop
MCForeignPolicy,/Online Communities
MCForeignPolicy,/Arts & Entertainment
MCForeignPolicy,/Arts & Entertainment
MCForeignPolicy,/Arts & Entertainment
MCForeignPolicy,/Arts & Entertainment
MCForeignPolicy,/Arts & Entertainment/Humor/Funny Pictures & Videos
MCForeignPolicy,/Arts & Entertainment /Games
MCForeignPolicy,/Arts & Entertainment
MCForeignPolicy,/Food & Drink/Restaurants /Food & Drink/Cooking & Recipes
MCForeignPolicy,/Arts & Entertainment/Music & Audio
MCForeignPolicy,/Food & Drink/Cooking & Recipes
MCForeignPolicy,/Arts & Entertainment/Music & Audio
MCForeignPolicy,/Jobs & Education/Education/Colleges & Universities
eitherwind,/Arts & Entertainment
eitherwind,/Hobbies & Leisure /Pets & Animals/Pets
eitherwind,/Business & Industrial /News/Business News
eitherwind,/Finance
TqAU_,/Arts & Entertainment
TqAU_,/Games/Computer & Video Games
TqAU_,/Games/Computer & Video Games
TqAU_,/Health/Health Conditions /Health/Medical Facilities & Services
TqAU_,/Computers & Electronics
TqAU_,/Arts & Entertainment
TqAU_,/Games /Arts & Entertainment
TqAU_,/Arts & Entertainment
xighlont,/Arts & Entertainment
xighlont,/Arts & Entertainment
xighlont,/Computers & Electronics
xighlont,/Arts & Entertainment
xighlont,/Games /Arts & Entertainment/Online Media
xighlont,/Arts & Entertainment
xighlont,/Games
xighlont,/Games/Computer & Video Games /Arts & Entertainment/Online Media
xighlont,/Games/Computer & Video Games /Computers & Electronics/Consumer Electronics/Game Systems & Consoles
xighlont,/Games/Computer & Video Games
xighlont,/Games
xighlont,/Games/Computer & Video Games
xighlont,/Games
xighlont,/Games /Arts & Entertainment/Online Media
xighlont,/Games/Computer & Video Games /Computers & Electronics/Consumer Electronics/Game Systems & Consoles
xighlont,/Games/Computer & Video Games /Computers & Electronics/Consumer Electronics/Game Systems & Consoles
Zbourg95,/Online Communities
Zbourg95,/Arts & Entertainment
Zbourg95,/Arts & Entertainment
Zbourg95,/Computers & Electronics/Computer Hardware/Computer Drives & Storage
Zbourg95,/Arts & Entertainment
Zbourg95,/Arts & Entertainment
Zbourg95,/Arts & Entertainment/Music & Audio
Zbourg95,/Arts & Entertainment
Zbourg95,/Food & Drink/Food/Meat & Seafood
Zbourg95,/Arts & Entertainment
Zbourg95,/Games/Computer & Video Games /Computers & Electronics/Consumer Electronics/Game Systems & Consoles
Zbourg95,/Food & Drink
Zbourg95,/Arts & Entertainment
Zbourg95,/Autos & Vehicles/Motor Vehicles (By Type)/Motorcycles
Zbourg95,/Beauty & Fitness/Hair Care
Zbourg95,/Shopping/Apparel
Zbourg95,/Arts & Entertainment
Zbourg95,/Arts & Entertainment/Online Media
Zbourg95,/People & Society/Family & Relationships/Family /Arts & Entertainment
Zbourg95,/Arts & Entertainment
Zbourg95,/Arts & Entertainment/Online Media /Arts & Entertainment/TV & Video/Online Video
Zbourg95,/Internet & Telecom/Mobile & Wireless/Mobile Apps & Add-Ons
Zbourg95,/Arts & Entertainment
Zbourg95,/Internet & Telecom/Mobile & Wireless /Computers & Electronics
Zbourg95,/Arts & Entertainment
Zbourg95,/Arts & Entertainment
Zbourg95,/Arts & Entertainment
Zbourg95,/Online Communities
Zbourg95,/Arts & Entertainment
Zbourg95,/Finance
Cryptikz__,/Games
TolliGaming,/Games/Computer & Video Games /Computers & Electronics/Consumer Electronics/Game Systems & Consoles
TolliGaming,/People & Society/Religion & Belief
TolliGaming,/Arts & Entertainment
TolliGaming,/Arts & Entertainment/Humor
TolliGaming,/People & Society
TolliGaming,/Arts & Entertainment
TolliGaming,/Arts & Entertainment
TolliGaming,/Games/Computer & Video Games
TolliGaming,/Arts & Entertainment
TolliGaming,/Arts & Entertainment
TolliGaming,/People & Society/Religion & Belief
TolliGaming,/Business & Industrial
TolliGaming,/Arts & Entertainment /Games/Computer & Video Games
TolliGaming,/Adult
TolliGaming,/Health/Health Conditions
TolliGaming,/Computers & Electronics
TolliGaming,/Games/Computer & Video Games/Driving & Racing Games
TolliGaming,/Arts & Entertainment
TolliGaming,/Arts & Entertainment/Music & Audio
TolliGaming,/Arts & Entertainment/Music & Audio
TolliGaming,/Home & Garden
TolliGaming,/Games /Arts & Entertainment/Online Media
TolliGaming,/Computers & Electronics
TolliGaming,/Computers & Electronics/Consumer Electronics /Internet & Telecom/Mobile & Wireless/Mobile Phones
TolliGaming,/Arts & Entertainment/Online Media
TolliGaming,/Arts & Entertainment/Music & Audio
TolliGaming,/Arts & Entertainment
TolliGaming,/Arts & Entertainment
TolliGaming,/Arts & Entertainment /Books & Literature
TolliGaming,/Computers & Electronics
TolliGaming,/Arts & Entertainment
TolliGaming,/Games/Computer & Video Games
TolliGaming,/Arts & Entertainment
TolliGaming,/Games/Computer & Video Games /Computers & Electronics/Consumer Electronics/Game Systems & Consoles
TolliGaming,/Games/Computer & Video Games /Computers & Electronics/Consumer Electronics/Game Systems & Consoles
TolliGaming,/Games/Computer & Video Games /Computers & Electronics/Consumer Electronics/Game Systems & Consoles
TolliGaming,/Books & Literature /Sensitive Subjects
TolliGaming,/Games/Computer & Video Games
TolliGaming,/Games/Computer & Video Games /Computers & Electronics
TolliGaming,/Arts & Entertainment/Movies
TolliGaming,/Games/Roleplaying Games
TolliGaming,/Arts & Entertainment/Movies
TolliGaming,/Arts & Entertainment/Movies
TolliGaming,/Arts & Entertainment
TolliGaming,/Games
TolliGaming,/Games/Computer & Video Games
TolliGaming,/Computers & Electronics
TolliGaming,/Games /Arts & Entertainment/Online Media
TolliGaming,/Arts & Entertainment/Music & Audio
TolliGaming,/Arts & Entertainment
TolliGaming,/Hobbies & Leisure/Special Occasions/Holidays & Seasonal Events /People & Society/Religion & Belief /Games /Arts & Entertainment/Online Media
TolliGaming,/Games/Computer & Video Games /Arts & Entertainment
TolliGaming,/Games /Arts & Entertainment
TolliGaming,/Arts & Entertainment/Online Media /Games/Computer & Video Games/Casual Games
TolliGaming,/People & Society
TolliGaming,/Games/Computer & Video Games
TolliGaming,/Arts & Entertainment/Music & Audio
New_Plagues,/Shopping/Mass Merchants & Department Stores
SnipersLaww,/Arts & Entertainment
SnipersLaww,/Computers & Electronics
SnipersLaww,/Computers & Electronics
SnipersLaww,/Food & Drink/Food/Breakfast Foods /Food & Drink/Cooking & Recipes
SnipersLaww,/Games/Computer & Video Games /Computers & Electronics/Consumer Electronics/Game Systems & Consoles
SnipersLaww,/Arts & Entertainment
SnipersLaww,/Games/Computer & Video Games /Computers & Electronics/Computer Hardware
SnipersLaww,/Games/Computer & Video Games/Sandbox Games
SnipersLaww,/Food & Drink/Food
SnipersLaww,/Games/Computer & Video Games
SnipersLaww,/Games/Computer & Video Games /Computers & Electronics
SnipersLaww,/Games/Computer & Video Games /Computers & Electronics/Consumer Electronics/Game Systems & Consoles
SnipersLaww,/Games/Computer & Video Games/Strategy Games
SnipersLaww,/Computers & Electronics/Software/Operating Systems
SnipersLaww,/Computers & Electronics/Software/Operating Systems
SnipersLaww,/Food & Drink/Restaurants
SnipersLaww,/Computers & Electronics
SnipersLaww,/Games/Computer & Video Games /Computers & Electronics/Consumer Electronics/Game Systems & Consoles
SnipersLaww,/Arts & Entertainment/TV & Video
SnipersLaww,/Internet & Telecom
SnipersLaww,/Games/Computer & Video Games
SnipersLaww,/Games
SnipersLaww,/Arts & Entertainment
SnipersLaww,/Arts & Entertainment
SnipersLaww,/Games/Computer & Video Games /Games/Roleplaying Games
SnipersLaww,/Games/Computer & Video Games
SnipersLaww,/Games/Computer & Video Games /Computers & Electronics/Consumer Electronics/Game Systems & Consoles
SnipersLaww,/Arts & Entertainment
SnipersLaww,/Games/Computer & Video Games /Computers & Electronics/Consumer Electronics
SnipersLaww,/Arts & Entertainment/Comics & Animation/Anime & Manga
SnipersLaww,/Law & Government
SnipersLaww,/Reference/General Reference/Time & Calendars
SnipersLaww,/Games/Computer & Video Games /Arts & Entertainment/Online Media
SnipersLaww,/Arts & Entertainment
SnipersLaww,/Games/Computer & Video Games
SnipersLaww,/Games/Computer & Video Games /Arts & Entertainment/Online Media
SnipersLaww,/Pets & Animals
SnipersLaww,/Arts & Entertainment/Music & Audio
SnipersLaww,/Arts & Entertainment
SnipersLaww,/Arts & Entertainment/Online Media /Arts & Entertainment/TV & Video/Online Video
SnipersLaww,/Arts & Entertainment
SnipersLaww,/Games
SnipersLaww,/Games/Computer & Video Games
SnipersLaww,/Games /Arts & Entertainment/Online Media
SnipersLaww,/Sensitive Subjects
SnipersLaww,/Arts & Entertainment/Humor
SnipersLaww,/Arts & Entertainment/Comics & Animation/Anime & Manga
SnipersLaww,/Arts & Entertainment
SnipersLaww,/Arts & Entertainment
SnipersLaww,/Games/Computer & Video Games /Computers & Electronics/Consumer Electronics/Game Systems & Consoles
SnipersLaww,/Games/Computer & Video Games /Arts & Entertainment/Online Media
SnipersLaww,/Games/Computer & Video Games
SnipersLaww,/Games/Computer & Video Games /Computers & Electronics/Consumer Electronics/Game Systems & Consoles
SnipersLaww,/Games
SnipersLaww,/Games/Computer & Video Games
SnipersLaww,/Games/Computer & Video Games /Computers & Electronics/Consumer Electronics/Game Systems & Consoles
SnipersLaww,/Law & Government/Legal /Autos & Vehicles/Vehicle Codes & Driving Laws
SnipersLaww,/Internet & Telecom
SnipersLaww,/Internet & Telecom/Mobile & Wireless/Mobile Apps & Add-Ons /Online Communities
SnipersLaww,/Online Communities/Social Networks /Internet & Telecom /Online Communities/Photo & Video Sharing/Photo & Image Sharing
SnipersLaww,/Arts & Entertainment
SnipersLaww,/Internet & Telecom/Web Services /Computers & Electronics/Software /Online Communities/File Sharing & Hosting
SnipersLaww,/Arts & Entertainment/TV & Video/TV Shows & Programs
SnipersLaww,/Food & Drink/Beverages/Coffee & Tea
SnipersLaww,/Games/Computer & Video Games
SnipersLaww,/Computers & Electronics
SnipersLaww,/Games/Computer & Video Games /Computers & Electronics
SnipersLaww,/Games/Computer & Video Games
SnipersLaww,/Computers & Electronics/Consumer Electronics/Game Systems & Consoles /Games/Computer & Video Games
SnipersLaww,/Games/Computer & Video Games /Computers & Electronics/Consumer Electronics/Game Systems & Consoles
SnipersLaww,/Arts & Entertainment
SnipersLaww,/Arts & Entertainment
SnipersLaww,/Online Communities/Virtual Worlds /Games/Computer & Video Games /Arts & Entertainment/Online Media /Games/Online Games/Massively Multiplayer Games
SnipersLaww,/Business & Industrial/Transportation & Logistics /Travel
SnipersLaww,/Arts & Entertainment
SnipersLaww,/Arts & Entertainment
SnipersLaww,/Sensitive Subjects
SnipersLaww,/Games/Computer & Video Games /Computers & Electronics/Consumer Electronics/Game Systems & Consoles
SnipersLaww,/Games/Computer & Video Games /Computers & Electronics/Consumer Electronics/Game Systems & Consoles
SnipersLaww,/Games/Computer & Video Games /Computers & Electronics/Consumer Electronics/Game Systems & Consoles
SnipersLaww,/Games/Computer & Video Games /Computers & Electronics
SnipersLaww,/Games/Computer & Video Games /Arts & Entertainment/Online Media
SnipersLaww,/Games/Computer & Video Games
SnipersLaww,/Games/Computer & Video Games
SnipersLaww,/Arts & Entertainment /Games
SnipersLaww,/Games/Computer & Video Games /Computers & Electronics
SnipersLaww,/Games/Computer & Video Games
SnipersLaww,/Science/Engineering & Technology /Business & Industrial/Aerospace & Defense/Space Technology
SnipersLaww,/Arts & Entertainment
SnipersLaww,/Arts & Entertainment
SnipersLaww,/Sensitive Subjects
SnipersLaww,/Games/Computer & Video Games /Computers & Electronics/Consumer Electronics/Game Systems & Consoles
SnipersLaww,/Games
SnipersLaww,/Arts & Entertainment /Games
SnipersLaww,/Games /Arts & Entertainment
SnipersLaww,/Games/Computer & Video Games /Computers & Electronics/Consumer Electronics/Game Systems & Consoles
SnipersLaww,/Arts & Entertainment
SnipersLaww,/Computers & Electronics
SnipersLaww,/Arts & Entertainment
SnipersLaww,/Games/Computer & Video Games
SnipersLaww,/Arts & Entertainment/TV & Video/TV Shows & Programs
SnipersLaww,/Computers & Electronics/Software
SnipersLaww,/Games/Computer & Video Games
SnipersLaww,/Games/Computer & Video Games /Computers & Electronics/Consumer Electronics/Game Systems & Consoles
SnipersLaww,/Travel/Air Travel
SnipersLaww,/Games/Computer & Video Games/Shooter Games
SnipersLaww,/Games/Computer & Video Games /Computers & Electronics/Consumer Electronics
SnipersLaww,/Games/Computer & Video Games /Computers & Electronics/Software /Computers & Electronics/Consumer Electronics/Game Systems & Consoles
SnipersLaww,/Games/Computer & Video Games /Computers & Electronics/Consumer Electronics/Game Systems & Consoles
SnipersLaww,/Games/Computer & Video Games /Computers & Electronics/Consumer Electronics/Game Systems & Consoles
SnipersLaww,/Hobbies & Leisure /Pets & Animals
SnipersLaww,/Computers & Electronics/Consumer Electronics/Game Systems & Consoles /Games/Computer & Video Games
SnipersLaww,/Games/Computer & Video Games /Computers & Electronics/Consumer Electronics/Game Systems & Consoles
SnipersLaww,/Travel
SnipersLaww,/Computers & Electronics
SnipersLaww,/Business & Industrial
SnipersLaww,/Computers & Electronics/Computer Hardware
SnipersLaww,/Games
SnipersLaww,/Computers & Electronics/Software/Multimedia Software
SnipersLaww,/Arts & Entertainment/Music & Audio
SnipersLaww,/Games/Computer & Video Games
SnipersLaww,/Arts & Entertainment
SnipersLaww,/Games/Computer & Video Games /Computers & Electronics/Consumer Electronics/Game Systems & Consoles
SnipersLaww,/Reference/Language Resources
SnipersLaww,/Arts & Entertainment
SnipersLaww,/Games
SnipersLaww,/Pets & Animals /Hobbies & Leisure
SnipersLaww,/Arts & Entertainment
SnipersLaww,/Games/Computer & Video Games /Computers & Electronics/Consumer Electronics/Game Systems & Consoles
SnipersLaww,/Games/Computer & Video Games
SnipersLaww,/Computers & Electronics/Consumer Electronics
SnipersLaww,/Computers & Electronics/Consumer Electronics/Game Systems & Consoles /Games/Computer & Video Games
SnipersLaww,/Games/Computer & Video Games /Computers & Electronics/Consumer Electronics/Game Systems & Consoles
SnipersLaww,/Games/Computer & Video Games /Computers & Electronics/Consumer Electronics/Game Systems & Consoles
SnipersLaww,/Games/Computer & Video Games /Computers & Electronics
SnipersLaww,/Games/Computer & Video Games /Computers & Electronics/Consumer Electronics/Game Systems & Consoles
SnipersLaww,/Arts & Entertainment
SnipersLaww,/Arts & Entertainment
SnipersLaww,/Arts & Entertainment/Music & Audio
SnipersLaww,/Food & Drink/Beverages
SnipersLaww,/Arts & Entertainment
SnipersLaww,/Food & Drink/Beverages
SnipersLaww,/Games/Computer & Video Games /Computers & Electronics/Consumer Electronics/Game Systems & Consoles
SnipersLaww,/Sensitive Subjects /News/Politics
SnipersLaww,/Arts & Entertainment
SnipersLaww,/Arts & Entertainment/TV & Video
SnipersLaww,/Computers & Electronics/Consumer Electronics/Game Systems & Consoles /Games/Computer & Video Games
SnipersLaww,/Games/Computer & Video Games
SnipersLaww,/People & Society/Religion & Belief
SnipersLaww,/Computers & Electronics/Consumer Electronics
SnipersLaww,/Internet & Telecom/Email & Messaging /Computers & Electronics
SnipersLaww,/Games/Computer & Video Games /Computers & Electronics/Consumer Electronics/Game Systems & Consoles
SnipersLaww,/Games/Computer & Video Games /Arts & Entertainment/Online Media
SnipersLaww,/Arts & Entertainment
SnipersLaww,/Games/Computer & Video Games /Computers & Electronics/Consumer Electronics/Game Systems & Consoles
SnipersLaww,/Games/Computer & Video Games /Computers & Electronics/Consumer Electronics/Game Systems & Consoles
SnipersLaww,/Games/Computer & Video Games /Computers & Electronics
SnipersLaww,/Computers & Electronics/Consumer Electronics
SnipersLaww,/Games/Computer & Video Games /Arts & Entertainment/Online Media
SnipersLaww,/Games
SnipersLaww,/Games/Computer & Video Games/Shooter Games
SnipersLaww,/Computers & Electronics/Software/Operating Systems
SnipersLaww,/Games/Computer & Video Games /Computers & Electronics/Consumer Electronics/Game Systems & Consoles
SnipersLaww,/Games/Computer & Video Games /Arts & Entertainment
SnipersLaww,/Games/Computer & Video Games /Computers & Electronics/Consumer Electronics
SnipersLaww,/Games/Computer & Video Games
SnipersLaww,/Games/Computer & Video Games
SnipersLaww,/Games/Computer & Video Games /Computers & Electronics
SnipersLaww,/Arts & Entertainment/Online Media /Games/Online Games/Massively Multiplayer Games /Online Communities/Virtual Worlds /Games/Roleplaying Games
SnipersLaww,/Arts & Entertainment/Music & Audio
SnipersLaww,/Arts & Entertainment
SnipersLaww,/Games/Computer & Video Games/Driving & Racing Games
SnipersLaww,/Arts & Entertainment
SnipersLaww,/Arts & Entertainment/TV & Video/TV Shows & Programs
SnipersLaww,/Computers & Electronics /Games/Computer & Video Games
SnipersLaww,/Computers & Electronics/Consumer Electronics /Internet & Telecom/Mobile & Wireless/Mobile Phones
SnipersLaww,/Arts & Entertainment/Comics & Animation/Anime & Manga
SnipersLaww,/Arts & Entertainment/Online Media /Online Communities/Virtual Worlds /Games/Online Games/Massively Multiplayer Games /Games/Roleplaying Games
SnipersLaww,/Online Communities/Social Networks /Internet & Telecom/Mobile & Wireless/Mobile Apps & Add-Ons
SnipersLaww,/Arts & Entertainment
SnipersLaww,/Computers & Electronics/Consumer Electronics/Game Systems & Consoles /Games/Computer & Video Games
SnipersLaww,/Arts & Entertainment/Visual Art & Design/Photographic & Digital Arts /Computers & Electronics/Consumer Electronics/Camera & Photo Equipment /Hobbies & Leisure
SnipersLaww,/Games/Computer & Video Games/Shooter Games
SnipersLaww,/Games/Computer & Video Games/Shooter Games
SnipersLaww,/Autos & Vehicles/Motor Vehicles (By Type)/Motorcycles /Arts & Entertainment/Online Media /Arts & Entertainment/TV & Video/Online Video
SnipersLaww,/Online Communities
SnipersLaww,/Computers & Electronics/Consumer Electronics/Game Systems & Consoles /Games/Computer & Video Games
SnipersLaww,/Arts & Entertainment/TV & Video/Online Video
SnipersLaww,/Computers & Electronics/Software/Operating Systems
SnipersLaww,/Games/Computer & Video Games /Computers & Electronics/Consumer Electronics/Game Systems & Consoles
SnipersLaww,/Internet & Telecom/Web Services /Online Communities/File Sharing & Hosting
SnipersLaww,/Games/Computer & Video Games/Shooter Games
SnipersLaww,/Games/Computer & Video Games/Shooter Games
SnipersLaww,/Games/Computer & Video Games/Shooter Games
SnipersLaww,/Arts & Entertainment/Online Media
SnipersLaww,/Arts & Entertainment/TV & Video/Online Video /Arts & Entertainment/Online Media
SnipersLaww,/Games/Computer & Video Games/Shooter Games
SnipersLaww,/Home & Garden
SnipersLaww,/Food & Drink/Cooking & Recipes/Desserts /Food & Drink/Food/Baked Goods
SnipersLaww,/Hobbies & Leisure
SnipersLaww,/Food & Drink/Beverages/Coffee & Tea
SnipersLaww,/Arts & Entertainment/Music & Audio
SnipersLaww,/Arts & Entertainment
SnipersLaww,/Arts & Entertainment/Visual Art & Design/Photographic & Digital Arts /Computers & Electronics/Consumer Electronics/Camera & Photo Equipment /Hobbies & Leisure
SnipersLaww,/Online Communities
SnipersLaww,/Arts & Entertainment
SnipersLaww,/Arts & Entertainment/Visual Art & Design/Photographic & Digital Arts /Hobbies & Leisure /Computers & Electronics/Consumer Electronics/Camera & Photo Equipment /Computers & Electronics/Software/Multimedia Software
KatieHa15177090,/Law & Government
KatieHa15177090,/People & Society
KatieHa15177090,/Online Communities
KatieHa15177090,/Arts & Entertainment/Music & Audio/Urban & Hip-Hop
KatieHa15177090,/Food & Drink/Food
KatieHa15177090,/Shopping/Apparel/Casual Apparel
KatieHa15177090,/Online Communities
KatieHa15177090,/Beauty & Fitness/Beauty Pageants
KatieHa15177090,/People & Society /Health
SleepyPanda_7,/Sports /Travel/Hotels & Accommodations
SleepyPanda_7,/Arts & Entertainment/Visual Art & Design
SleepyPanda_7,/Arts & Entertainment
SleepyPanda_7,/Jobs & Education/Education
SleepyPanda_7,/Arts & Entertainment
SleepyPanda_7,/Sports/Individual Sports/Golf
SleepyPanda_7,/Arts & Entertainment
SleepyPanda_7,/Sports/Individual Sports/Golf
SleepyPanda_7,/Sports
SleepyPanda_7,/Arts & Entertainment
SleepyPanda_7,/Sports/Individual Sports/Golf
zx22_ttv,/Arts & Entertainment
WhippetEsports,/Pets & Animals/Pets/Dogs /Hobbies & Leisure
WhippetEsports,/Hobbies & Leisure /Pets & Animals/Pets/Dogs
WhippetEsports,/Computers & Electronics/Computer Hardware/Computer Peripherals
WhippetEsports,/Games
WhippetEsports,/Sports/Team Sports /Arts & Entertainment/Online Media
WhippetEsports,/Arts & Entertainment
WhippetEsports,/Pets & Animals/Pets/Dogs /Games
WhippetEsports,/Games/Gambling
WhippetEsports,/Arts & Entertainment/Music & Audio
WhippetEsports,/Games/Computer & Video Games
southernborne73,/Arts & Entertainment
southernborne73,/Arts & Entertainment
southernborne73,/Arts & Entertainment/Music & Audio/Rock Music
southernborne73,/Online Communities
southernborne73,/Sports/Team Sports/American Football /News/Sports News
southernborne73,/Health/Medical Facilities & Services
southernborne73,/Law & Government
southernborne73,/Hobbies & Leisure/Special Occasions/Holidays & Seasonal Events /Shopping/Gifts & Special Event Items
southernborne73,/Arts & Entertainment
southernborne73,/Arts & Entertainment
southernborne73,/Sensitive Subjects
southernborne73,/Hobbies & Leisure/Special Occasions/Holidays & Seasonal Events /Shopping/Gifts & Special Event Items/Cards & Greetings
southernborne73,/Arts & Entertainment
southernborne73,/Arts & Entertainment
southernborne73,/Games/Computer & Video Games /Arts & Entertainment/Online Media
southernborne73,/Games/Computer & Video Games /Arts & Entertainment/Online Media
southernborne73,/Travel
southernborne73,/Shopping/Apparel/Costumes
southernborne73,/Arts & Entertainment
southernborne73,/Adult
southernborne73,/People & Society/Social Issues & Advocacy
southernborne73,/Sports/Combat Sports/Wrestling
southernborne73,/Sports
southernborne73,/Sports/Team Sports/American Football
southernborne73,/Business & Industrial/Business Services
southernborne73,/Business & Industrial/Business Services
southernborne73,/Hobbies & Leisure/Special Occasions/Holidays & Seasonal Events /Shopping/Gifts & Special Event Items/Cards & Greetings
southernborne73,/Arts & Entertainment
southernborne73,/Health
southernborne73,/Hobbies & Leisure/Special Occasions /Shopping/Gifts & Special Event Items
southernborne73,/Arts & Entertainment
southernborne73,/Arts & Entertainment/Fun & Trivia /Games/Computer & Video Games
southernborne73,/Arts & Entertainment/Movies
southernborne73,/People & Society/Religion & Belief
southernborne73,/Travel/Car Rental & Taxi Services
southernborne73,/Hobbies & Leisure/Special Occasions/Holidays & Seasonal Events /Shopping
southernborne73,/Autos & Vehicles/Motor Vehicles (By Type)
southernborne73,/Arts & Entertainment/Music & Audio
southernborne73,/Arts & Entertainment/Music & Audio
southernborne73,/Online Communities
southernborne73,/People & Society/Family & Relationships /Arts & Entertainment/Humor
southernborne73,/People & Society/Family & Relationships /Arts & Entertainment/Humor
WilliamOgert,/Computers & Electronics/Consumer Electronics
WilliamOgert,/Computers & Electronics/Computer Hardware
WilliamOgert,/People & Society/Religion & Belief /Hobbies & Leisure/Special Occasions/Holidays & Seasonal Events /Games
WilliamOgert,/Computers & Electronics/Computer Hardware /Games/Computer & Video Games
WilliamOgert,/Arts & Entertainment
therealswimlady,/Arts & Entertainment
therealswimlady,/Arts & Entertainment
therealswimlady,/Arts & Entertainment
therealswimlady,/Arts & Entertainment
therealswimlady,/Arts & Entertainment
therealswimlady,/News/Politics
therealswimlady,/Arts & Entertainment/Music & Audio
therealswimlady,/Arts & Entertainment
therealswimlady,/Arts & Entertainment/Music & Audio/Urban & Hip-Hop
therealswimlady,/Online Communities
TECHSUPPORT800,/Computers & Electronics/Consumer Electronics /Computers & Electronics/Electronics & Electrical
TECHSUPPORT800,/Computers & Electronics/Consumer Electronics/Audio Equipment
TECHSUPPORT800,/Computers & Electronics/Consumer Electronics/Audio Equipment
TECHSUPPORT800,/Business & Industrial/Energy & Utilities
TECHSUPPORT800,/Computers & Electronics
TECHSUPPORT800,/Computers & Electronics/Consumer Electronics /Internet & Telecom/Mobile & Wireless/Mobile Phones
TECHSUPPORT800,/Internet & Telecom/Mobile & Wireless /Computers & Electronics/Consumer Electronics
TECHSUPPORT800,/Internet & Telecom/Mobile & Wireless /Computers & Electronics
SailorGrae,/Arts & Entertainment
SailorGrae,/Games/Computer & Video Games /Computers & Electronics/Consumer Electronics/Game Systems & Consoles
yifanyc,/Arts & Entertainment
yifanyc,/Computers & Electronics/Consumer Electronics /Computers & Electronics/Computer Hardware /Internet & Telecom/Mobile & Wireless
yifanyc,/Jobs & Education/Education/Primary & Secondary Schooling (K-12)
yifanyc,/Shopping
yifanyc,/Internet & Telecom
TheSmaea,/Jobs & Education/Education
FrankIngaroca,/Arts & Entertainment
FrankIngaroca,/Arts & Entertainment
FrankIngaroca,/Arts & Entertainment/Humor/Funny Pictures & Videos
FrankIngaroca,/Games/Computer & Video Games/Shooter Games
FrankIngaroca,/Arts & Entertainment
FrankIngaroca,/Food & Drink /Hobbies & Leisure/Special Occasions
FrankIngaroca,/Games/Computer & Video Games
FrankIngaroca,/Hobbies & Leisure/Outdoors /Games/Computer & Video Games
FrankIngaroca,/Games/Computer & Video Games/Shooter Games /Arts & Entertainment/Online Media
Moater_Boater,/Sports/Team Sports/Basketball /Arts & Entertainment
SobbyQuiet,/Games /Sports
SobbyQuiet,/Arts & Entertainment/Music & Audio
